Publisher,1980,1981,1982,1983,1984,1985,1986,1987,1988,1989,1990,1991,1992,1993,1994,1995,1996,1997,1998,1999,2000,2001,2002,2003,2004,2005,2006,2007,2008,2009,2010,2011,2012,2013,2014,2015,2016
10TACLE Studios,,,,,,,,,,,,,,,,,,,,,,,,,,,0.02,0.11,,,,,,,,,
1C Company,,,,,,,,,,,,,,,,,,,,,,,,,,,,,,0.01,,0.14,,,,,
1st Playable Productions,,,,,,,,,,,,,,,,,,,,,,,,,,,,,,,,0.08,,,,,
20th Century Fox Video Games,,1.35,1.9400000000000002,,,,,,,,,,,,,,,,,,,,,,,,,,,,,,,,,,
2D Boy,,,,,,,,,,,,,,,,,,,,,,,,,,,,,0.04,,,,,,,,
2K Sports,,,,,,,,,,,,,,,,,,,,,,,,,,0.25,0.37,,0.4,,,,,,,,
3DO,,,,,,,,,,,,,,,,,,,0.4,4.540000000000001,7.620000000000001,9.430000000000001,10.030000000000001,10.48,,,,,,,,,,,,,
49Games,,,,,,,,,,,,,,,,,,,,,,,,,,,,,,0.04,,,,,,,
505 Games,,,,,,,,,,,,,,,,,,,,,,,0.29,0.39,1.28,2.55,10.04,20.47,23.24,30.81,45.42,48.870000000000005,51.21000000000001,53.52000000000001,55.26000000000001,55.87000000000001,56.41000000000001
5pb,,,,,,,,,,,,,,,,,,,,,,,,,,,,,0.1,0.28,0.5700000000000001,0.8400000000000001,1.1,1.24,1.37,1.59,1.6300000000000001
7G//AMES,,,,,,,,,,,,,,,,,,,,,,,,,,,,,,,0.01,0.08,,,,,
989 Sports,,,,,,,,,,,,,,,,,,,,0.38,,,0.78,,,,,,,,,,,,,,
989 Studios,,,,,,,,,,,,,,,,,,0.52,8.06,13.32,,,,,,,,,,,,,,,,,
AQ Interactive,,,,,,,,,,,,,,,,,,,,,,,,,,,,0.16,0.38,0.53,,,,,,,
ASC Games,,,,,,,,,,,,,,,,,1.31,,1.9700000000000002,2.02,,,,,,,,,,,,,,,,,
ASCII Entertainment,,,,,,,,,,,,,,,0.87,2.12,4.99,8.31,8.73,10.57,,10.89,,,,,,,,,,,,,,,
ASCII Media Works,,,,,,,,,,,,,,,,,,,,,,,,,,,,,0.06,0.13,0.25,0.26,,,0.27,,
ASK,,,,,,,,,,,,,,,,,0.03,,,,,,,,,,,,,,,,,,,,
Abylight,,,,,,,,,,,,,,,,,,,,,,,,,,,,,,,0.08,,,,,,
Acclaim Entertainment,,,,,,,,,,,,,,1.93,7.67,10.129999999999999,13.36,17.85,31.560000000000002,35.39,40.980000000000004,50.67,58.42,63.08,64.61,,,,,,,,,,,,
Accolade,,,,,,,,,,,,,,,,,0.19,1.49,,1.68,,,,,,,,,,,,,,,,,
Ackkstudios,,,,,,,,,,,,,,,,,,,,,,,,,,,,,,0.07,0.18,0.5900000000000001,0.8400000000000001,,,,
Acquire,,,,,,,,,,,,,,,,,,,,,,,,,,,0.05,,0.19,0.27,0.49,0.79,0.96,,1.07,,
Activision,3.85,12.35,14.209999999999999,16.15,16.419999999999998,16.9,,18.02,18.77,19.24,,,19.45,,21.53,25.740000000000002,27.69,30.240000000000002,37.78,45.35,59.83,78.42,104.48,126.17,165.4,201.06,220.98000000000002,284.85,352.26,430.32,495.9,547.64,600.91,644.4,688.88,724.51,728.18
Activision Blizzard,,,,,,,,,,,,,,,,,,,,,,,,,,,,,,,,,,,0.48,,
Activision Value,,,,,,,,,,,,,,,,,,,,,,0.21,0.3,1.27,1.33,1.3800000000000001,1.6300000000000001,2.21,3.67,6.96,,,,,,,
Adeline Software,,,,,,,,,,,,,,,,,0.17,,,,,,,,,,,,,,,,,,,,
Aerosoft,,,,,,,,,,,,,,,,,,,,,,,,,,,,,,,0.01,,,0.03,,,
Agatsuma Entertainment,,,,,,,,,,,,,,,,,,,,,,,,,0.08,,,,,,,,0.28,0.31000000000000005,,,
Agetec,,,,,,,,,,,,,,,,,,0.03,0.22,,,,1.51,1.9,,,,,,1.94,,,,,,,
Aksys Games,,,,,,,,,,,,,,,,,,,,,,,,,,,,0.04,0.06,,,,,,0.24,0.36,0.48
Alawar Entertainment,,,,,,,,,,,,,,,,,,,,,,,,,,,,,,0.04,,0.05,0.08,,,0.09,
Alchemist,,,,,,,,,,,,,,,,,,,,,,,,,,,1.24,1.43,1.73,1.81,2.0700000000000003,2.3100000000000005,2.4400000000000004,2.5700000000000003,,2.6500000000000004,
Alternative Software,,,,,,,,,,,,,,,,,,,,,,,,,,,,,,,0.07,,,,,0.09000000000000001,0.2
Altron,,,,,,,,,,,,,,,,,,,,,,0.07,,,,,,,,,,,,,,,
Alvion,,,,,,,,,,,,,,,,,,,,,,,,,,,,,,0.02,0.04,,,,,,
American Softworks,,,,,,,,,,,,,,,,,0.23,,,,,,,,,,,,,,,,,,,,
Angel Studios,,,,,,,,,,,,0.29,,,0.41,0.43999999999999995,,,,,,,,,,,,,,,,,,,,,
Answer Software,,,0.5,,,,,,,,,,,,,,,,,,,,,,,,,,,,,,,,,,
Aqua Plus,,,,,,,,,,,,,,,,,,,,0.14,,,,,,,0.25,0.26,0.34,0.45,0.51,0.68,0.8200000000000001,0.92,,1.1500000000000001,1.2500000000000002
Aques,,,,,,,,,,,,,,,,,,0.16,,,,,,,,,,,,,,,,,,,
Arc System Works,,,,,,,,,,,,,,,,,,,,,,,,,,,,,0.26,0.33,0.43000000000000005,,0.4600000000000001,0.8800000000000001,1.3900000000000001,1.4800000000000002,
Arena Entertainment,,,,,,,,,,,,,4.72,,,,,,,,,,,,,,,,,,,,,,,,
Aria,,,,,,,,,,,,,,,,,,,,,,,,,,,0.07,,,,,,,,,,
Arika,,,,,,,,,,,,,,,,,,,,,,,0.02,,0.07,,,,0.09000000000000001,,,,,,,,
ArtDink,,,,,,,,,,,,,,,0.25,,0.47,,0.5599999999999999,,,0.61,,,,,,,,0.65,0.67,,,,0.73,,
Aruze Corp,,,,,,,,,,,,,,,,,,,,0.54,1.1800000000000002,,,,,,,,,,,,,,,,
Ascaron Entertainment,,,,,,,,,,,,,,,,,,,,,,,,,,,,,,,,,0.01,,,,
Ascaron Entertainment GmbH,,,,,,,,,,,,,,,,,,,,,,,,,0.04,,,,0.10999999999999999,,,,,,,,
Asgard,,,,,,,,,,,,,,,,,,,,,,,,,,,,,,,0.14,0.17,0.18000000000000002,0.23000000000000004,,0.25000000000000006,
Asmik Ace Entertainment,,,,,,,,,,,,,,,,,0.1,,,,0.19,,,,,,0.23,,,,,,,,,,
Asmik Corp,,,,,,,,,,,,,,,0.07,0.17,,,,,,,,,,,,,,,,,,,,,
Aspyr,,,,,,,,,,,,,,,,,,,,,,,,0.02,,,,0.03,0.16,0.64,,,,,,,
Astragon,,,,,,,,,,,,,,,,,,,,,,,,,,,,,,0.05,0.7100000000000001,0.8,,,,,0.8200000000000001
Asylum Entertainment,,,,,,,,,,,,,,,,,,,,,,,,,,,,,,,0.52,0.5900000000000001,,,,,
Atari,10.95,19.4,38.83,42.22,,,42.879999999999995,43.739999999999995,,43.88999999999999,,,,,,,,,45.349999999999994,47.64999999999999,52.459999999999994,60.50999999999999,82.1,99.13999999999999,110.68999999999998,119.06999999999998,123.39999999999998,134.76999999999998,143.45999999999998,147.96999999999997,149.39999999999998,151.15999999999997,151.20999999999998,,,,151.23
Athena,,,,,,,,,,,,,,,,,,,,0.02,,0.09000000000000001,,,,,,,,,,,,,,,
Atlus,,,,,,,,,,,,,,,0.45,1.56,1.81,2.2,2.41,2.67,3.02,3.11,3.1999999999999997,3.3899999999999997,3.4799999999999995,,3.5299999999999994,3.6299999999999994,5.129999999999999,6.139999999999999,7.139999999999999,7.699999999999998,10.709999999999997,11.539999999999997,12.129999999999997,12.509999999999998,13.069999999999999
Avalon Interactive,,,0.17,,,,,,,,,,,,,,,,,0.27,,,0.32,0.36,0.48,,,,,,,,,,,,
Avanquest,,,,,,,,,,,,,,,,,,,,,,,,,,,,0.53,0.72,1.62,2.39,2.96,,,,,3.0
Avanquest Software,,,,,,,,,,,,,,,,,,,,,,,,,,,,,,,,0.03,1.6700000000000002,1.6800000000000002,,1.7200000000000002,
Axela,,,,,,,,,,,,,,,,,,,0.25,,,,,,,,,,,,,,,,,,
BAM! Entertainment,,,,,,,,,,,,,,,,,,,,,0.11,1.32,4.2,4.8500000000000005,4.95,,,,,,,,,,,,
BMG Interactive Entertainment,,,,,,,,,,,,,,,,,0.27,0.6000000000000001,1.1800000000000002,,,,,,,,,,,,,,,,,,
BPS,,,,,,,,,,,,0.32,,,0.52,,,,,,,,,,,,,,,,,,,,,,
Bandai Namco Games,,,,,,,,,,,,,,,,,,,,,,,,,,,0.35,,,0.47,1.19,1.2,,,,,
Banpresto,,,,,,,,,,,,0.51,0.67,2.37,2.99,3.75,4.8100000000000005,5.680000000000001,6.380000000000001,7.120000000000001,7.920000000000001,9.370000000000001,10.39,11.700000000000001,12.47,13.790000000000001,14.4,15.99,16.46,16.78,,17.400000000000002,,,,,
Benesse,,,,,,,,,,,,,,,,,,,,,,,,,,,,0.19,0.33,,,,,,,,
Berkeley,,,,,,,,,,,,,,,,,,,,,,0.03,,,,,,,,,,,,,,,
Bethesda Softworks,,,,,,,,,,,,,,,,,,,,,,,1.31,1.51,1.76,1.95,2.05,3.19,14.58,15.870000000000001,24.78,49.870000000000005,54.77,,63.45,79.89,82.14
Big Ben Interactive,,,,,,,,,,,,,,,,,,,,,,,0.09,,0.14,,,,0.16,0.9700000000000001,,0.9800000000000001,,1.0,,,
Big Fish Games,,,,,,,,,,,,,,,,,,,,,,,,,,,,,0.02,0.04,,0.05,,,0.08,,
Bigben Interactive,,,,,,,,,,,,,,,,,,,,,,,,,,,,,,,,,,,,0.84,
Black Bean Games,,,,,,,,,,,,,,,,,,,,,,,,,,0.01,,0.12000000000000001,0.71,1.04,2.66,3.3600000000000003,,,,,
Black Label Games,,,,,,,,,,,,,,,,,,,,,,,1.2,,,,,,,,,,,,,,
Blast! Entertainment Ltd,,,,,,,,,,,,,,,,,,,,,,,,,,,,0.17,0.19,0.38,,,,,,,
Blue Byte,,,,,,,,,,,,,,,,,,,,,,0.03,,,,,,,,,,,,,,,
Bohemia Interactive,,,,,,,,,,,,,,,,,,,,,,,,,,,,,,,,0.03,,0.15,,,
Bomb,,,0.22,,,,,,,,,,,,,,,,,,,,,,,,,,,,,,,,,,
Boost On,,,,,,,,,,,,,,,,,,,,,,,,,,,,,,,,,,0.01,,,
Brash Entertainment,,,,,,,,,,,,,,,,,,,,,,,,,,,,0.21000000000000002,1.23,,,,,,,,
Brightrock Games,,,,,,,,,,,,,,,,,,,,,,,,,,,,,,,,,,,,0.01,
Broccoli,,,,,,,,,,,,,,,,,,,,,,,,,,,0.03,0.1,0.13,0.17,0.19,0.44,0.54,0.8,,0.9,0.9600000000000001
BushiRoad,,,,,,,,,,,,,,,,,,,,,,,,,,,,,,,,,0.03,,,,
Bushiroad,,,,,,,,,,,,,,,,,,,,,,,,,,,,,,,0.02,,,,,,
CBS Electronics,,,0.31,,,,,,,,,,,,,,,,,,,,,,,,,,,,,,,,,,
CCP,,,,,,,,,,,,,,,,,,,,,,,,0.22,,,,,,,,,,,,,
CDV Software Entertainment,,,,,,,,,,,,,,,,,,,,,,,,,,0.01,,,0.12,0.16999999999999998,,0.19999999999999998,,,,,
CPG Products,,,0.54,,,,,,,,,,,,,,,,,,,,,,,,,,,,,,,,,,
CTO SpA,,,,,,,,,,,,,,,,,0.88,0.9,,,,,,,,,,,,,,,,,,,
Capcom,,,,,,1.0,6.3,7.109999999999999,10.049999999999999,11.719999999999999,15.639999999999999,17.869999999999997,30.269999999999996,35.12,35.279999999999994,,36.62,39.9,43.64,44.52,46.540000000000006,54.580000000000005,64.43,73.56,80.42,93.71000000000001,105.35000000000001,115.9,129.22,148.89,163.26999999999998,170.73999999999998,185.42,193.1,193.42,199.05999999999997,201.17999999999998
Cave,,,,,,,,,,,,,,,,,,,,,,,,,,,,,0.1,0.13,0.2,0.30000000000000004,0.32000000000000006,0.33000000000000007,,,
ChunSoft,,,,,,,,,,,,,0.16,0.9400000000000001,1.75,2.15,2.42,,2.51,2.6799999999999997,3.05,,3.4099999999999997,,,,3.4399999999999995,,,3.8699999999999997,3.9099999999999997,4.01,4.069999999999999,,,,
City Interactive,,,,,,,,,,,,,,,,,,,,,,,,,,,,,0.49,0.94,2.8099999999999996,3.8599999999999994,3.8899999999999992,4.539999999999999,4.609999999999999,,
Cloud Imperium Games Corporation,,,,,,,,,,,,,,,,,,,,,,,,,,,,,,,,,0.08,,,,
Coconuts Japan,,,,,,,,,,,,,,0.05,,,0.07,,,,,,,,,,,,,,,,,,,,
Codemasters,,,,,,,,,,,,,,,,,,2.38,7.96,8.57,9.59,11.18,12.959999999999999,15.35,16.32,17.11,17.34,20.41,23.96,32.39,35.03,40.370000000000005,43.18000000000001,44.89000000000001,46.080000000000005,47.03000000000001,47.87000000000001
Codemasters Online,,,,,,,,,,,,,,,,,,,,,,,,,,,,,0.02,,,,,,,,
CokeM Interactive,,,,,,,,,,,,,,,,,,,,,,,,,,,,0.31,,,,,,,,,
Coleco,,2.79,3.06,,,,,,,,,,,,,,,,,,,,,,,,,,,,,,,,,,
Comfort,,,,,,,,,,,,,,,,,,,,,,,,,,,,,,,0.03,0.11,0.13,0.15,,,
Commseed,,,,,,,,,,,,,,,,,,,,,,,,,,,,,0.01,,,,,,,,
Compile,,,,,,,,,,,,,,,,0.47,0.49,2.4299999999999997,2.4599999999999995,,,,,,,,,,,,,,,,,,
Compile Heart,,,,,,,,,,,,,,,,,,,,,,,,,,,,,0.2,0.21000000000000002,0.47000000000000003,0.56,0.79,1.01,1.24,1.35,1.37
Conspiracy Entertainment,,,,,,,,,,,,,,,,,,,,,,0.29000000000000004,0.32000000000000006,,,,,0.39000000000000007,0.54,0.61,0.84,,,,,,
Core Design Ltd.,,,,,,,,,,,,,,,0.19,0.29000000000000004,,,,,,,,,,,,,,,,,,,,,
Crave Entertainment,,,,,,,,,,,,,,,,,,,0.37,1.24,3.6799999999999997,,4.1,4.17,5.37,6.0600000000000005,6.36,6.79,7.32,7.890000000000001,8.600000000000001,9.930000000000001,,,,,
Creative Core,,,,,,,,,,,,,,,,,,,,,,,,,,,,,0.06999999999999999,0.09999999999999999,,,,,,,
Crimson Cow,,,,,,,,,,,,,,,,,,,,,,,,,,,,,0.02,,,0.08,,,,,
Crystal Dynamics,,,,,,,,,,,,,,,,1.12,1.71,,,,,,,,,,,,,,,,,,,,
Culture Brain,,,,,,,,,,,,0.2,,,0.23,,,,,,,,,,,,,,0.25,,0.27,,,,,,
Culture Publishers,,,,,,,,,,,,,,,,,,,0.09,,,,,,,,,,,,,,,,,,
CyberFront,,,,,,,,,,,,,,,,,,,,,,,,,,,,0.02,0.06,0.08,0.19,0.21,0.24,0.27,,,
Cygames,,,,,,,,,,,,,,,,,,,,,,,,,,,,,,,,,,,,0.03,
D3 Publisher,,,,,,,,,,,,,,,,,,,,,,,,,,,,,,,0.16,,,,,,0.17
D3Publisher,,,,,,,,,,,,,,,,,,,1.06,,1.1300000000000001,1.7500000000000002,,,,2.14,3.5100000000000002,9.82,11.85,15.66,20.22,22.18,22.47,23.759999999999998,23.839999999999996,24.049999999999997,24.129999999999995
DHM Interactive,,,,,,,,,,,,,,,,,,,,,,,,,,,,0.13999999999999999,,0.18,,,,,,,
DSI Games,,,,,,,,,,,,,,,,,,,,,,0.27,,,,0.44000000000000006,0.48000000000000004,0.53,0.62,,,,,,,,
DTP Entertainment,,,,,,,,,,,,,,,,,,,,,,,,,,0.23,,0.25,1.1400000000000001,2.1500000000000004,2.5800000000000005,3.5300000000000007,3.5900000000000007,,,,
Daedalic,,,,,,,,,,,,,,,,,,,,,,,,,,,,,,0.11,0.13,,0.28,,,,
Daedalic Entertainment,,,,,,,,,,,,,,,,,,,,,,,,,,,,,,,,,0.03,0.14,,,
Daito,,,,,,,,,,,,,,,,,,,,,,,,,,,0.22999999999999998,,,,,,,,,,
Data Age,,0.39,0.71,,,,,,,,,,,,,,,,,,,,,,,,,,,,,,,,,,
Data Design Interactive,,,,,,,,,,,,,,,,,,,,,,,,,,,0.16,0.25,0.38,0.45,0.52,,,,,,
Data East,,,,,,,,,,,,,,,,0.04,,,0.15,,,,,,,,,,,,,,,,,,
Datam Polystar,,,,,,,,,,,,,,,,,,,,,,,0.02,,,,,0.03,,,,,,,,,
Deep Silver,,,,,,,,,,,,,,,,,,,,,,,,,0.32,0.5700000000000001,0.92,0.9600000000000001,3.87,6.42,8.43,15.08,15.72,21.830000000000002,23.720000000000002,24.730000000000004,25.700000000000003
"Destination Software, Inc",,,,,,,,,,,,,,,,,,,,,,0.13,0.15,0.2,0.24000000000000002,0.32,0.38,0.75,0.88,,,,,,,,
Destineer,,,,,,,,,,,,,,,,,,,,,,,,,,0.09,,0.37,1.9100000000000001,3.8000000000000003,4.41,4.49,,,,,
Detn8 Games,,,,,,,,,,,,,,,,,,,,,,,,,,,,0.23,,,,,,,,,
Devolver Digital,,,,,,,,,,,,,,,,,,,,,,,,,,,,,,,0.02,,,,,0.04,
DigiCube,,,,,,,,,,,,,,,,,,,,,,,0.06,,,,,,,,,,,,,,
Disney Interactive Studios,,,,,,,,,,,,,,,,,,,,1.94,,,2.19,2.77,6.03,11.670000000000002,17.520000000000003,34.36,56.45,69.74000000000001,90.24000000000001,103.33000000000001,106.17000000000002,113.26000000000002,117.48000000000002,119.96000000000002,
Dorart,,,,,,,,,,,,,,,,,,,,,,,,,,,,,0.02,,0.03,,,,,,
Dovetail Games,,,,,,,,,,,,,,,,,,,,,,,,,,,,,,,,,,,,0.04,
DreamCatcher Interactive,,,,,,,,,,,,,,,,,,,,,,0.05,,0.16999999999999998,0.18999999999999997,0.20999999999999996,0.29999999999999993,,0.36999999999999994,0.84,0.95,,,,,,
DreamWorks Interactive,,,,,,,,,,,,,,,,,,,0.13,,,,,,,,,,,,,,,,,,
Dusenberry Martin Racing,,,,,,,,,,,,,,,,,,,,,,,,,,,,,,,,,,,,,0.05
EA Games,,,,,,,,,,,,,,,,,,,,,,,,,,,,,,,,,0.15,,,,
EA Sports,,,,,,,,,,,,,,,,,,,1.46,,,2.04,3.26,,,,4.09,,,,5.26,,,,,,
EON Digital Entertainment,,,,,,,,,,,,,,,,,,,,0.01,,,,,,,,,,,,,,,,,
ESP,,,,,,,,,,,,,,,,,,0.42,0.56,,,,0.5900000000000001,,,,,,,,,,,,,,
Easy Interactive,,,,,,,,,,,,,,,,,,,,,,,,,,,,,,,,0.03,0.08,,,,
Ecole,,,,,,,,,,,,,,,,,,,,,,,,,,,,,,0.06,,,,,,,
Edia,,,,,,,,,,,,,,,,,,,,,,,,,,,0.07,,,0.09000000000000001,,,,,,,
Eidos Interactive,,,,,,,,,,,,,,,,,5.89,19.44,27.12,39.8,44.36,46.57,54.64,60.71,63.71,71.71,76.08999999999999,82.58999999999999,88.07,98.97999999999999,,,,,,,
Electronic Arts,,,,,,,,,,,,,0.06,,0.71,4.04,11.940000000000001,34.88,64.83,84.97999999999999,110.24999999999999,155.36999999999998,229.03999999999996,308.13,376.0,443.6,502.48,579.02,663.14,749.54,830.92,903.17,953.0699999999999,1006.1899999999999,1052.99,1098.41,1110.66
Electronic Arts Victor,,,,,,,,,,,,,,,,,0.42,,,,,,,,,,,,,,,,,,,,
Elf,,,,,,,,,,,,,,,,,0.36,0.64,,,,,,,,,,,,,,,,,,,
Elite,,,,,,,,,,,,,,,,,0.07,,,,,,,,,,,,,,,,,,,,
Empire Interactive,,,,,,,,,,,,,,,,,0.41,,0.43999999999999995,0.45999999999999996,1.5999999999999999,2.5999999999999996,4.109999999999999,6.52,8.45,8.91,9.17,10.03,11.29,,,,,,,,
En Masse Entertainment,,,,,,,,,,,,,,,,,,,,,,,,,,,,,,,,0.41,,,,,
Encore,,,,,,,,,,,,,,,,,,,,,,0.03,,0.05,,0.07,,,,,,,,,,,
Encore Software,,,,,,,,,,,,,,,,,,,,,,,,,,0.02,,,,,,,,,,,
Enix Corporation,,,,,,,,2.56,6.43,,9.55,,12.34,13.49,14.21,17.53,19.32,,,21.810000000000002,27.17,30.080000000000002,31.430000000000003,32.09,33.74,,,,,,,,,,,,
Enjoy Gaming ltd.,,,,,,,,,,,,,,,,,,,,,,,,,,,,,,0.1,,,,,,,
Enterbrain,,,,,,,,,,,,,,,,,,,,,,0.43,0.76,,1.37,,1.53,1.54,1.92,2.05,2.23,,,,,,
Epic Games,,,,,,,,,,,,,,,,,,,,,,,,,,,,,,,,,,,,,0.01
Epoch,,,,,,,,,,,,0.08,0.15000000000000002,0.2,,0.71,0.8999999999999999,,,,1.0499999999999998,,,,,,,,,,,,,,,,
Ertain,,,,,,,,,,,,,,,,,,,,,,,,,,,,0.05,,,,,,,,,
Essential Games,,,,,,,,,,,,,,,,,,,,,,,,,,0.17,0.23,,,,,,,,,,
Evolution Games,,,,,,,,,,,,,,,,,,,0.07,,,,,,,,,,,,,,,,,,
Evolved Games,,,,,,,,,,,,,,,,,,,,,,,,,0.09,,,,,0.19,,0.32,0.36,,,,
Excalibur Publishing,,,,,,,,,,,,,,,,,,,,,,,,,,,,,,,0.03,0.17,0.31000000000000005,,,,
Experience Inc.,,,,,,,,,,,,,,,,,,,,,,,,,,,,,,,,0.02,,,0.03,0.07,0.08
Extreme Entertainment Group,,,,,,,,,,,,,,,,,,,,,,,,,,,,,,,,,,,,0.03,
Falcom Corporation,,,,,,,,,,,,,,,,,,,,,,,,,,,,0.06999999999999999,0.18,0.51,0.87,1.07,1.1800000000000002,1.2100000000000002,,,
Fields,,,,,,,,,,,,,,,,,,,,,,,,,,,,,,,0.03,0.09,0.12,,,,
Flashpoint Games,,,,,,,,,,,,,,,,,,,,,,,,,,0.04,,,,,0.08,,,,,,
Flight-Plan,,,,,,,,,,,,,,,,,,,,,,,,,,,,0.08,,0.12,,,,,,,
Focus Home Interactive,,,,,,,,,,,,,,,,,,,,,,,,,,,0.03,0.06,0.14,1.07,1.77,2.44,4.37,4.94,7.0,7.36,7.5200000000000005
Focus Multimedia,,,,,,,,,,,,,,,,,,,,,,,,,,,,,,,,,0.03,,,0.05,
Foreign Media Games,,,,,,,,,,,,,,,,,,,,,,,,,,,,,,,0.63,,,,,,
Fortyfive,,,,,,,,,,,,,,,,,,,0.06,,,,,,,,,,,,,,,,,,
Fox Interactive,,,,,,,,,,,,,,,,,1.54,5.54,6.01,7.2299999999999995,7.39,,,,,,,,,,,,,,,,
From Software,,,,,,,,,,,,,,,0.08,,0.34,0.6200000000000001,0.8400000000000001,1.1,,1.1900000000000002,1.3000000000000003,,,,1.3500000000000003,,,1.4800000000000004,1.5100000000000005,,,1.6300000000000003,,,
FuRyu,,,,,,,,,,,,,,,,,,,,,,,,,,,,,,,0.01,0.16,0.29000000000000004,0.51,0.67,1.19,1.3199999999999998
FuRyu Corporation,,,,,,,,,,,,,,,,,,,,,,,,,,,,,,,,,,,,0.03,
Fuji,,,,,,,,,,,,,,,,0.03,,,,,,,,,,,,,,,,,,,,,
FunSoft,,,,,,,,,,,,,,,,,0.12,,,,,,,,,,,,,,,,,,,,
Funbox Media,,,,,,,,,,,,,,,,,,,,,,,,,,,,,,,,0.8600000000000001,0.9000000000000001,,,0.9100000000000001,
Funcom,,,,,,,,,,,,,,,,,,,,,,,,,,,,,,,0.03,,0.2,,,,
Funsta,,,,,,,,,,,,,,,,,,,,,,,,,,,0.02,0.16,0.2,,,,,,,,
G.Rev,,,,,,,,,,,,,,,,,,,,,,,,,,,,,,0.01,0.04,,,,,,
G5 Entertainment,,,,,,,,,,,,,,,,,,,,,,,,,,,,,,,0.04,,,,,,
GN Software,,,,,,,,,,,,,,,,,,,,,,,,,,,0.01,,0.04,,0.05,,,,,,
GOA,,,,,,,,,,,,,,,,,,,,,,,,,,,,,0.02,,,,,,,,
GSP,,,,,,,,,,,,,,,,,,,,,,,,,,,,,1.31,2.91,3.37,3.69,,,,,
GT Interactive,,,,,,,,,,,,,,,,0.27,5.98,12.39,18.17,25.23,,,,,,,,,,,,,,,,,
Gaga,,,,,,,,,,,,,,,,,0.02,,,,,,,,,,,,,,,,,,,,
Gainax Network Systems,,,,,,,,,,,,,,,,,,,0.16,,,,,,,,,,,,,,,,,,
Gakken,,,,,,,,,,,,,,,,,,,,,,,,,,,,0.04,,,,,,,,,
Game Arts,,,,,,,,,,,,,,,0.14,,,,,,,,,,,,,,,,,,,,,,
Game Factory,,,,,,,,,,,,,,,,,,,,,,,,0.04,0.27999999999999997,0.33999999999999997,0.58,2.11,3.6399999999999997,,3.7899999999999996,,,,,,
Game Life,,,,,,,,,,,,,,,,,,,,,,,,,,,,0.13,,0.30000000000000004,,,,,,,
GameMill Entertainment,,,,,,,,,,,,,,,,,,,,,,,,,,,,,,,0.18,1.17,1.41,,,,
GameTek,,,,,,,,,,,,,,,,,,,0.1,,,,,,,,,,,,,,,,,,
Gamebridge,,,,,,,,,,,,,,,,,,,,,,,,,,,,,0.52,0.73,,,,,,,
Gamecock,,,,,,,,,,,,,,,,,,,,,,,,,,,,,0.2,,,,,,,,
Gameloft,,,,,,,,,,,,,,,,,,,,,,,,,,,,0.11,,,,,,,,,
Gaslamp Games,,,,,,,,,,,,,,,,,,,,,,,,,,,,,,,,,,,,,0.04
Gathering of Developers,,,,,,,,,,,,,,,,,,,,,,0.67,,0.73,1.19,,,,,,,,,,,,
Gearbox Software,,,,,,,,,,,,,,,,,,,,,,,,,,,,,,,,,,,,0.01,
General Entertainment,,,,,,,,,,,,,,,,,,,0.14,,,,,,,,,,,,,,,,,,
Genki,,,,,,,,,,,,,,,,,,,,0.17,,0.23,,1.32,,,,1.4100000000000001,,,,,1.4600000000000002,,,,
Genterprise,,,,,,,,,,,,,,,,,,,,,,,,,,,,,,0.01,,,,,,,
Ghostlight,,,,,,,,,,,,,,,,,,,,,,,,0.38,0.51,0.73,0.94,1.1099999999999999,1.22,1.85,1.9700000000000002,2.79,,,,,
Giga,,,,,,,,,,,,,,,,,,,,,,,,,,,,,,,,,,,0.02,,
Giza10,,,,,,,,,,,,,,,,,,,,,,,,,,,,,,,,,0.02,,,,
Glams,,,,,,,,,,,,,,,,0.08,,,,,,,,,,,,,,,,,,,,,
Global A Entertainment,,,,,,,,,,,,,,,,,,,,,,,,,,,0.03,0.1,0.15000000000000002,,,,,,,,
Global Star,,,,,,,,,,,,,,,,,,,,,,,,,5.53,7.5600000000000005,7.65,,,,,,,,,,
Gotham Games,,,,,,,,,,,,,,,,,,,,,,,1.57,3.1100000000000003,3.72,,,,,,,,,,,,
Graffiti,,,,,,,,,,,,,,,,,,,,,,,,,,,,,0.04,0.18000000000000002,0.38,,,,,,
Grand Prix Games,,,,,,,,,,,,,,,,,,,,,,,,,,,,0.06,,,,,,,,,
Graphsim Entertainment,,,,,,,,,,,,,,,,,,,,,,,,,,0.02,,,,,,,,,,,
Gremlin Interactive Ltd,,,,,,,,,,,,,,,,,0.39,0.71,1.1,,,,,,,,,,,,,,,,,,
Griffin International,,,,,,,,,,,,,,,,,,,,,,,,,,,,,,,0.09,,,,,,
Groove Games,,,,,,,,,,,,,,,,,,,,,,,,,,0.06,0.09,,,,,,,,,,
GungHo,,,,,,,,,,,,,,,,,,,,,,,,,,,,,0.42000000000000004,0.75,,0.8200000000000001,1.25,2.91,2.95,,3.1500000000000004
GungHo Online Entertainment,,,,,,,,,,,,,,,,,,,,,,,,,,,,,,,,0.01,,,,,
Gust,,,,,,,,,,,,,,,,,0.01,0.26,,,,0.35,0.42,,,,,0.45999999999999996,0.6599999999999999,0.7999999999999999,0.83,0.85,1.04,1.1,,,
HAL Laboratory,,,,,,,,,,0.06,,,,,,,,,,,,,,,,,,,,,,,,,,,
HB Studios,,,,,,,,,,,,,,,,,,,,,,,,,,,,,,,,,,,0.11,,
HMH Interactive,,,,,,,,,,,,,,,,,,,,,,,,,,,,,0.03,0.14,,,,,,,
Hackberry,,,,,,,,,,,,,,,,,,,,,,,,,,,,0.22,0.3,,0.31,,,,,,
Hamster Corporation,,,,,,,,,,,,,,,,,,,,,,,0.28,,,,0.30000000000000004,,,,,,,,,,
Happinet,,,,,,,,,,,,,,,,,,,,,,,,,,,,,,,,,,,0.11000000000000001,0.14,0.18000000000000002
Harmonix Music Systems,,,,,,,,,,,,,,,,,,,,,,,,,,,,,,,,,,,,0.8,
Hasbro Interactive,,,,,,,,,,,,,,,2.39,,,8.77,12.78,14.53,15.95,16.12,17.07,,,,17.11,,,,,,,,,,
Havas Interactive,,,,,,,,,,,,,,,,,,,,,0.13,,,,,,,,,,,,,,,,
Headup Games,,,,,,,,,,,,,,,,,,,,,,,,,,,,,,,,0.03,,0.06,,,
Hearty Robin,,,,,,,,,,,,,,,,,0.09,,,,,,,,,,,,,,,,,,,,
Hect,,,,,,,,,,,,,,0.19,0.46,0.5,,,,,,,,,,,,,,,,,,,,,
Hello Games,,,,,,,,,,,,,,,,,,,,,,,,,,,,,,,,,,,,,1.6
Her Interactive,,,,,,,,,,,,,,,,,,,,,,,,,,,,,,,,0.03,,,,,
Hip Interactive,,,,,,,,,,,,,,,,,,,,,,,,,0.19,0.36,,,,,,,,,,,
Home Entertainment Suppliers,,,,,,,,,,,,,,,,,,,,,,,,,,,,,,,0.06,0.71,,,,,
Hudson Entertainment,,,,,,,,,,,,,,,,,,0.79,0.8500000000000001,1.32,,1.44,,1.51,,,1.53,1.59,1.6,1.6900000000000002,,,,,,,
Hudson Soft,,,,,1.1,2.13,6.79,,,,,7.23,8.02,9.04,12.09,12.91,14.01,15.87,15.94,16.11,16.27,16.759999999999998,17.43,17.99,18.069999999999997,18.289999999999996,18.519999999999996,19.059999999999995,19.829999999999995,21.649999999999995,22.869999999999994,23.099999999999994,,,,,
Human Entertainment,,,,,,,,,,,,0.39,,,1.12,1.5100000000000002,1.6300000000000003,2.0700000000000003,2.6900000000000004,3.0000000000000004,,,,,,,,,,,,,,,,,
HuneX,,,,,,,,,,,,,,,,,,,,,,,,,,,,,,,,,,,,0.03,
IE Institute,,,,,,,,,,,,,,,,,,,,,,,,,,,0.73,0.9199999999999999,0.96,,,,0.98,,,,
ITT Family Games,,,0.34,,,,,,,,,,,,,,,,,,,,,,,,,,,,,,,,,,
Iceberg Interactive,,,,,,,,,,,,,,,,,,,,,,,,,,,,,,,,0.06,0.08,,,,
Idea Factory,,,,,,,,,,,,,,,,,,,,,,,0.05,,,0.08,0.25,0.3,0.53,0.8400000000000001,1.5300000000000002,2.0900000000000003,2.6400000000000006,2.9500000000000006,3.6100000000000008,3.9100000000000006,4.050000000000001
Idea Factory International,,,,,,,,,,,,,,,,,,,,,,,,,,,,,,,,,,,0.38,0.61,
Ignition Entertainment,,,,,,,,,,,,,,,,,,,,,,,0.53,0.76,1.75,2.8600000000000003,3.6700000000000004,4.46,6.03,6.300000000000001,6.370000000000001,6.820000000000001,,,,,
Illusion Softworks,,,,,,,,,,,,,,,,,,,,,,,,,0.7,,,,,,,,,,,,
Imadio,,,,,,,,,,,,,,,,,,0.14,,,,,,,,,,,,,,,,,,,
Image Epoch,,,,,,,,,,,,,,,,,,,,,,,,,,,,,,,,,0.1,,,,
Imageepoch,,,,,,,,,,,,,,,,,,,,,,,,,,,,,,,,0.11,,,,,
Imageworks,,,,,,,,,,,,,,,,0.02,,,,,,,,,,,,,,,,,,,,,
Imagic,,4.82,,,,,,,,,,,,,,,,,,,,,,,,,,,,,,,,,,,
Imagineer,,,,,,,,,,,,0.38,,,,,0.8300000000000001,1.44,1.63,2.26,2.53,2.65,,,,,,,,,,,,,,,
Imax,,,,,,,,,,,,,,0.06,,,,,,,,,,,,,,,,,,,,,,,
Indie Games,,,,,,,,,,,,,,,,,,,,,,,,,0.32,,,,,,,,,,,,
Infogrames,,,,,,,,,,,,,,,0.78,,1.09,1.96,2.64,3.8000000000000003,5.46,7.74,16.78,16.92,,,,,,,,,,,,,
Insomniac Games,,,,,,,,,,,,,,,,,,,,,,,,,,,,,,,,,,,,,0.12
Interchannel,,,,,,,,,,,,,,,,,,,,,,,,,,,0.08,,0.1,,,,,,,,
Interchannel-Holon,,,,,,,,,,,,,,,,,,,,,,,,,,,,0.01,,,,,,,,,
Intergrow,,,,,,,,,,,,,,,,,,,,,,,,,,,,,,,,,,,,0.03,
Interplay,,,,,,,,,,,,,,0.01,,0.31,1.33,2.3200000000000003,3.1500000000000004,3.3600000000000003,4.36,4.99,5.38,5.9799999999999995,6.659999999999999,,,,,,,,,,,,
Interplay Productions,,,,,,,,,,,,,,,,,,0.1,,,,,,,,,,,,,,,,,,,
"Interworks Unlimited, Inc.",,,,,,,,,,,,,,,,,,,,,,,,,,,,,,,,,0.01,,,,
Inti Creates,,,,,,,,,,,,,,,,,,,,,,,,,,,,,,,,,,,,,0.01
Introversion Software,,,,,,,,,,,,,,,,,,,,,,,,,,,,,,,,,,,,,0.02
Irem Software Engineering,,,,,,,,,,,,,,,,,,,0.03,,,,,,,,0.09,0.14,0.29000000000000004,0.36000000000000004,0.41000000000000003,0.44000000000000006,0.4600000000000001,,,,
Ivolgamus,,,,,,,,,,,,,,,,,,,,,,,,,,,,,0.04,,,,,,,,
JVC,,,,,,,,,,,,,,,0.12,,2.61,2.6399999999999997,2.7199999999999998,2.7399999999999998,2.8,,,,,,,,,,,,,,,,
Jack of All Games,,,,,,,,,,,,,,,,,,,,,,,,,,0.38,,,,,,0.42,,,,,
Jaleco,,,,,,,,,,,,,,,,0.6,0.9299999999999999,,1.08,1.1,,,1.1600000000000001,1.5500000000000003,1.6200000000000003,,,1.8900000000000003,1.9400000000000004,,,,,,,,
Jester Interactive,,,,,,,,,,,,,,,,,,,,,,,0.71,0.75,,1.15,,,,,,,,,,,
JoWood Productions,,,,,,,,,,,,,,,,,,,,,,,0.02,,0.07,0.18,0.24,0.27999999999999997,0.71,1.1,1.4900000000000002,,,,,,
Jorudan,,,,,,,,,,,,,,,,,,,,0.3,,,0.6599999999999999,0.95,,,,,,,,,,,,,
Just Flight,,,,,,,,,,,,,,,,,,,,,,,,,,,,,,,0.03,,,,,,
KID,,,,,,,,,,,,,,,,,,,0.03,,,,,,,,0.08,,,,,,,,,,
KSS,,,,,,,,,,,,,,,,,0.03,,,,,,,,,,,,,,,,,,,,
Kadokawa Games,,,,,,,,,,,,,,,,,,,,,,,,,,,,,,,,,0.02,0.07,0.27,0.36,0.58
Kadokawa Shoten,,,,,,,,,,,,,,,,,0.23,0.44,1.27,1.62,,,,,1.6400000000000001,1.6800000000000002,1.7000000000000002,1.9600000000000002,2.18,2.27,2.46,3.19,3.52,3.72,3.8600000000000003,3.93,
Kaga Create,,,,,,,,,,,,,,,,,,,,,,,,,,,,,,,,,,0.01,,0.14,
Kalypso Media,,,,,,,,,,,,,,,,,,,,,,,,,,,,0.01,0.060000000000000005,0.38,0.69,1.68,1.8399999999999999,,2.03,2.4499999999999997,
Kamui,,,,,,,,,,,,,,,,,,,,,,,,,,,,,,,0.03,,,,,,
Kando Games,,,,,,,,,,,,,,,,,,,,,,,,,,,0.03,,,,,,,,,,
Karin Entertainment,,,,,,,,,,,,,,,,,,,,,,,,,,,,,,,0.02,,,,,,
Kemco,,,,,,,,,,,,0.05,,,,,,0.5900000000000001,1.08,1.35,,1.4500000000000002,1.5100000000000002,2.2,,2.22,,,,,,,,,,,
Kids Station,,,,,,,,,,,,,,,,,,,,,,,,,,,,0.03,,,,,,,,,
King Records,,,,,,,,,,,,,,,,,,,,,,,0.02,,,,,,,,,,,,,,
Knowledge Adventure,,,,,,,,,,,,,,,,,,,,,,,,0.61,,,,,,1.47,,,,,,,
Koch Media,,,,,,,,,,,,,,,,,,,,,,,,,,,,,3.01,,,3.1399999999999997,,3.2199999999999998,,4.67,4.71
Kokopeli Digital Studios,,,,,,,,,,,,,,,,0.03,,,,,,,,,,,,,,,,,,,,,
Konami,,,,,,,,,,,,,,,,,,,,,,,1.0,1.9300000000000002,,,,2.0300000000000002,2.3800000000000003,2.4000000000000004,2.43,2.6100000000000003,2.7100000000000004,,,,
Konami Digital Entertainment,,,,,,,4.99,5.92,,6.77,9.0,11.56,11.82,12.280000000000001,13.990000000000002,16.78,20.66,25.259999999999998,40.65,55.91,64.38,88.66,101.7,115.67,135.94,150.95,165.54999999999998,182.77999999999997,212.24999999999997,228.33999999999997,246.89,257.16999999999996,265.14,270.51,275.57,282.43,283.64
Kool Kizz,,,,,,,,,,,,,,,,,,,,,,,,0.04,,,,,,,,,,,,,
LEGO Media,,,,,,,,,,,,,,,,,,,,1.18,,1.42,1.56,,,,,,,,,,,,,,
LSP Games,,,,,,,,,,,,,,,,,,,,,,,0.03,0.12,,,,,,,,,,,,,
Laguna,,,,,,,,,,,,,,0.56,0.92,1.55,,,,,,,,,,,,,,,,,,,,,
Legacy Interactive,,,,,,,,,,,,,,,,,,,,,,,,,,,,,0.04,,,,,,,,
Level 5,,,,,,,,,,,,,,,,,,,,,,,,,,,,,,0.35,2.29,3.09,4.87,5.36,8.040000000000001,10.350000000000001,12.170000000000002
Level-5,,,,,,,,,,,,,,,,,,,,,,,,,,,,,,,,,0.04,,,,
Lexicon Entertainment,,,,,,,,,,,,,,,,,,,,,,,,,,,,0.03,0.05,,,,,,,,
Licensed 4U,,,,,,,,,,,,,,,,,,,,,,,,,,,,,,,,,0.07,,,,
Lighthouse Interactive,,,,,,,,,,,,,,,,,,,,,,,,,,,,0.02,,,,,,,,,
Liquid Games,,,,,,,,,,,,,,,,,,,,,,,0.26,,,,0.27,,,,,,,,,,
Little Orbit,,,,,,,,,,,,,,,,,,,,,,,,,,,,,,,0.15,,,0.2,1.34,2.04,
Locus,,,,,,,,,,,,,,,,,,,0.07,,,,,,,,,,,,,,,,,,
LucasArts,,,,,,,,,,,,,,,1.95,,2.5,3.18,,6.130000000000001,6.390000000000001,8.97,11.13,13.32,17.25,27.119999999999997,34.559999999999995,53.25999999999999,71.44,75.53,79.61,87.34,,,,,
MC2 Entertainment,,,,,,,,,,,,,,,,,,,,,,,,,0.06,0.08,,,,,,,,,,,
MLB.com,,,,,,,,,,,,,,,,,,,,,,,,,,,,,,,,,,,,,0.04
MTO,,,,,,,,,,,,,,,,,,,0.1,,,,,,,,0.26,0.37,0.38,,0.4,,,,,,
MTV Games,,,,,,,,,,,,,,,,,,,,,,,,,,,,2.11,7.18,14.129999999999999,20.759999999999998,20.97,,,,,
Mad Catz,,,,,,,,,,,,,,,,,,,,,,,,,0.2,,0.23,,,,,,0.30000000000000004,,,,
Magical Company,,,,,,,,,,,,,,,,,,,0.41,,,,,,,,,,,,,,,,,,
Magix,,,,,,,,,,,,,,,,,,,,,,0.31,,,,,,,,0.35,,,,,,,
Majesco Entertainment,,,,,,,,,,,,,,,,,,,,,,1.0899999999999999,1.2599999999999998,2.04,9.879999999999999,10.969999999999999,11.339999999999998,13.499999999999998,14.869999999999997,18.299999999999997,19.449999999999996,23.049999999999997,,23.549999999999997,23.56,,
Mamba Games,,,,,,,,,,,,,,,,,,,,,,,,,,,,,0.03,,0.05,,,,,,
Marvel Entertainment,,,,,,,,,,,,,,,,,,,,,,,,,,,,,,,,,,,,0.05,
Marvelous Entertainment,,,,,,,,,,,,,,,,,,,,,,,,,,,,,0.1,,,,1.1500000000000001,1.8900000000000001,2.2,2.4200000000000004,2.43
Marvelous Games,,,,,,,,,,,,,,,,,,,,,,,,,,,,,,,,,,,,0.02,
Marvelous Interactive,,,,,,,,,,,,,,,,,,,,,,,0.08,0.11,0.35,0.84,0.9099999999999999,1.1199999999999999,1.43,1.77,2.27,3.27,,,3.54,3.98,4.17
Masque Publishing,,,,,,,,,,,,,,,,,,,,,,,,,,,,,,,,0.02,,,,,
Mastertronic,,,,,,,,,,,,,,,,,,,,,,,,,,,0.02,,,0.07,0.14,1.7199999999999998,1.7299999999999998,,,,
Mastiff,,,,,,,,,,,,,,,,,,,,,,,,,0.1,0.18,,,,0.8400000000000001,2.17,2.61,,,,,
Mattel Interactive,,2.53,2.92,,,,,,,,,,,,,,,,,3.28,3.51,3.65,,,,,,,,,,,,,,,
Max Five,,,,,,,,,,,,,,,,,,,,,,0.05,,,,,,,,,,,,,,,
Maximum Family Games,,,,,,,,,,,,,,,,,,,,,,,,,,,,,,,,,0.03,,,,
Maxis,,,,,,,,,0.03,,,,2.17,,,,3.3899999999999997,,,,,,,,,,,,,,,,,,,,
Media Entertainment,,,,,,,,,,,,,,,,,,,,,,,0.01,,,,,,,,,,,,,,
Media Factory,,,,,,,,,,,,,,,,,,,,,0.14,0.29000000000000004,,,,,,,,,,,,,,,
Media Rings,,,,,,,,,,,,,,,0.36,0.45999999999999996,,,,,,,0.6499999999999999,,,,,,,,,,,,,,
Media Works,,,,,,,,,,,,,,,,,0.04,,0.13,,,,,,,,0.16,0.18,,,,,,,,,
MediaQuest,,,,,,,,,,,,,,,,0.05,,,,,,,,,,,,,,,,,,,,,
Men-A-Vision,,0.77,,,,,,,,,,,,,,,,,,,,,,,,,,,,,,,,,,,
Mentor Interactive,,,,,,,,,,,,,,,,,,,,,,,,,,,,,,0.99,1.06,1.27,,,,,
Mercury Games,,,,,,,,,,,,,,,,,,,,,,,,,,,,0.08,0.21000000000000002,,,,,,,,
Merscom LLC,,,,,,,,,,,,,,,,,,,,,,,,,,,,,,0.2,,,,,,,
Metro 3D,,,,,,,,,,,,,,,,,,,,,,0.6,1.35,1.6700000000000002,,,,1.7900000000000003,1.8400000000000003,,,,,,,,
Michaelsoft,,,,,,,,,,,,,,,,,,,,,,,,,,,0.01,,,,,,,,,,
Micro Cabin,,,,,,,,,,,,,,,0.02,0.1,0.2,,,,,,,,,,,,,,,,,,,,
Microids,,,,,,,,,,,,,,,,,,,,,,,0.08,0.2,0.29000000000000004,0.36000000000000004,,,,,,,,,,,0.4
Microprose,,,,,,,,,,,,,,,,0.09,0.91,0.92,,1.98,,,,,,,,,,2.02,,,,,,,
Microsoft Game Studios,,,,,,,,,,,,,,,,,5.12,,,5.22,6.21,19.7,26.66,35.58,49.26,54.949999999999996,64.92999999999999,91.03,106.34,121.95,171.11,192.39000000000001,207.72000000000003,224.11,234.42000000000002,244.37,245.79
Midas Interactive Entertainment,,,,,,,,,,,,,,,,,,0.02,0.13999999999999999,0.18,1.27,1.83,2.39,,,2.45,2.48,2.54,2.57,2.7199999999999998,,,,,,,
Midway Games,,,,,,,,,,,,,,,,,0.13,1.54,7.12,10.77,14.969999999999999,20.18,29.630000000000003,34.190000000000005,42.690000000000005,48.77,54.27,62.370000000000005,71.65,,,,,,,,
Milestone,,,,,,,,,,,,,,,,,,,,,,,,,,,,,0.08,,,,,,,,
Milestone S.r.l,,,,,,,,,,,,,,,,,,,,,,,,,,,,,,,,,,,,,0.05
Milestone S.r.l.,,,,,,,,,,,,,,,,,,,,,,,,,,,,,,,,,,,0.41,1.14,1.2799999999999998
Minato Station,,,,,,,,,,,,,,,,,,,,,,,,,,,,,0.02,,,,0.04,,,0.05,
Mindscape,,,,,,,,,,,,,,,,0.24,0.49,0.63,0.85,0.89,0.91,,,1.1,,,,3.3400000000000003,3.68,7.17,7.74,,,,,,
Mirai Shounen,,,,,,,,,,,,,,,,,,,,,,,,,,,,,0.02,,,,,,,,
Misawa,,,,,,,,,,,,,,0.05,0.07,,,,,,,,,,,,,,,,,,,,,,
Mitsui,,,,,,,,,,,,,,,,,,,0.08,,,,,,,,,,,,,,,,,,
Mojang,,,,,,,,,,,,,,,,,,,,,,,,,,,,,,,,,,,,2.89,
Monte Christo Multimedia,,,,,,,,,,,,,,,,,,,,,,,,,,,,0.05,,,,,,,,,
Moss,,,,,,,,,,,,,,,,,,,,,,,,,,,,,0.12,,,,,0.13,,,
Mud Duck Productions,,,,,,,,,,,,,,,,,,,,,,,,0.3,0.8500000000000001,,,,,,,,,,,,
Mumbo Jumbo,,,,,,,,,,,,,,,,,,,,,,,,,,,0.02,0.37000000000000005,0.5800000000000001,,,,,,,,
MumboJumbo,,,,,,,,,,,,,,,,,,,,,,,,,,,,,,,0.05,0.1,,,,,
Mycom,,,,,,,,,,,,,,,,,,,,,,,,,,,,,,,0.02,,,,,,
Myelin Media,,,,,,,,,,,,,,,,,,,,,,,,,,,0.13,,,,,,,,,,
Mystique,,0.82,,,,,,,,,,,,,,,,,,,,,,,,,,,,,,,,,,,
NCS,,,,,,,,,,,,,,,,,0.2,0.31,0.4,,,,,,,,,,,,,,,,,,
NCSoft,,,,,,,,,,,,,,,,,,,,,,,,,,0.07,0.12000000000000001,,,,,,2.42,,2.59,,
NDA Productions,,,,,,,,,,,,,,,,,,,,,,,0.12,,,,,,,,,,,,,,
NEC,,,,,,,,,,,,,,,,0.14,0.43000000000000005,,,,,,,,,,,,,,,,,,,,
NEC Interchannel,,,,,,,,,,,,,,,,,0.06,0.27,0.6000000000000001,,0.7400000000000001,,,0.7600000000000001,,,,,0.8000000000000002,,,,,,,,
NIS America,,,,,,,,,,,,,,,,,,,,,,,,,,,,,,,0.24,,,,,,
Namco,,,,,,,,,,,,,,,,,,,,,,0.07,1.26,,,,,,,,,,,,,,
Namco Bandai Games,,,,,3.4299999999999997,4.89,10.17,12.84,15.27,16.37,17.0,18.03,19.07,24.45,26.169999999999998,28.689999999999998,32.18,38.72,44.58,49.519999999999996,59.22,67.1,80.08,90.53999999999999,96.02999999999999,110.82,122.52,130.10999999999999,141.07,157.84,174.45,196.52999999999997,212.46999999999997,222.42999999999998,232.07,247.63,254.12
Natsume,,,,,,,,,,,,,,,,,1.25,1.35,,,1.62,2.1100000000000003,2.5800000000000005,2.9500000000000006,,,3.0400000000000005,3.1700000000000004,3.3800000000000003,3.4600000000000004,4.15,4.45,,,4.6000000000000005,,
Navarre Corp,,,,,,,,,,,,,,,,,,,,,,,,,,,,,0.05,,,,,,,,
Naxat Soft,,,,,,,,,,,,,,,,,,,,,,,,,,,,,0.01,,,,,,,,
Neko Entertainment,,,,,,,,,,,,,,,,,,,,,,,,,,,,0.06,0.11,0.13,0.31,,,,,,
NetRevo,,,,,,,,,,,,,,,,,,,,,,,,,,,,,,,0.02,,0.03,,,,
New,,,,,,,,,,,,,,,,0.36,,,,,,,,,,,,,,,,,,,,,
New World Computing,,,,,,,,,,,,,0.01,,,,,,,,,,,,,,,,,,,,,,,,
NewKidCo,,,,,,,,,,,,,,,,,,,0.55,0.92,,0.93,1.2200000000000002,1.3600000000000003,,,,,,,,,,,,,
Nexon,,,,,,,,,,,,,,,,,,,,,,,,,,,,,,,0.03,,,,,,
Nicalis,,,,,,,,,,,,,,,,,,,,,,,,,,,,,,,,,0.03,,,,
Nichibutsu,,,,,,,,,,,,,,,,0.28,,,,,,,,,,,,,,,,,,,,,
Nihon Falcom Corporation,,,,,,,,,,,,,,,,,,,,,,,,,,,,,,,,,0.43,,0.49,0.64,0.77
Nintendo,,,,10.96,56.519999999999996,106.47,122.65,134.6,171.04,234.92,270.40999999999997,286.38,324.49,344.53000000000003,369.52000000000004,386.24,459.94,486.77,535.18,600.8399999999999,634.8899999999999,680.2599999999999,728.6299999999999,767.0099999999999,828.6699999999998,956.1899999999998,1162.0199999999998,1266.4899999999998,1359.2399999999998,1488.1299999999999,1549.1999999999998,1600.7299999999998,1657.2199999999998,1710.0099999999998,1758.9299999999998,1786.0099999999998,1789.4799999999998
Nippon Amuse,,,,,,,,,,,,,,,,,,,,,,,0.09,,,,,,,,,,,,,,
Nippon Columbia,,,,,,,,,,,,,,,,,,,,,,,,,,,,,,,,,0.28,0.51,0.75,0.89,0.95
Nippon Ichi Software,,,,,,,,,,,,,,,,,,,0.04,,,,,,,,,0.51,1.15,2.45,3.5100000000000002,5.45,6.18,9.65,12.45,13.93,14.5
Nippon Telenet,,,,,,,,,,,,,,,,,0.26,,,,,,,,,,,,,,,,,,,,
Nitroplus,,,,,,,,,,,,,,,,,,,,,,,,,,,,,,,,,,,0.01,0.02,
Nobilis,,,,,,,,,,,,,,,,,,,,,,,,,,,,0.060000000000000005,1.71,1.8,1.94,,,,,,
Nordcurrent,,,,,,,,,,,,,,,,,,,,,,,,,,,,0.05,0.25,0.48,0.59,0.7999999999999999,,,,,
Nordic Games,,,,,,,,,,,,,,,,,,,,,,,,,,,,,0.27,1.51,2.27,3.08,3.62,3.68,3.79,4.41,4.44
NovaLogic,,,,,,,,,,,,,,,,,,,,,,,,,,0.8,,,,0.8200000000000001,,,,,,,
Number None,,,,,,,,,,,,,,,,,,,,,,,,,,,,,,0.03,,,,,,,
O-Games,,,,,,,,,,,,,,,,,,,,,,,,,,,,,,0.02,0.81,1.08,,,,,
O3 Entertainment,,,,,,,,,,,,,,,,,,,,,,,,,0.09,,0.11,0.22,,,,,,,,,
Ocean,,,,,,,,,,,,,0.28,0.64,,0.93,1.06,2.71,3.61,,,,,,,,,,,,,,,,,,
Office Create,,,,,,,,,,,,,,,,,,,,,,,,,,,,,,,,,,0.03,0.06,,
On Demand,,,,,,,,,,,,,,,,,,0.21,,,,,,,,,,,,,,,,,,,
Ongakukan,,,,,,,,,,,,,,,,,,,,,,,,,,,0.01,,,,,,,,,,
Origin Systems,,,,,,,,,,,,,,,,,,0.09,,,,,,,,,,,,,,,,,,,
Otomate,,,,,,,,,,,,,,,,,,,,,,,,,,,,,,,,,,0.01,,,
Oxygen Games,,,,,,,,,,,,,,,,,,,,,,,,,,,,0.24,,,,0.26,,,,,
Oxygen Interactive,,,,,,,,,,,,,,,,,,,,,,,,,,0.34,2.14,2.29,2.96,3.46,,,,,,,
P2 Games,,,,,,,,,,,,,,,,,,,,,,,,,,,,,,0.08,,0.4,,,,,
PM Studios,,,,,,,,,,,,,,,,,,,,,,,,,,,,,,0.1,,,,,,,
PQube,,,,,,,,,,,,,,,,,,,,,,,,,,,,0.15,0.29000000000000004,1.3599999999999999,2.38,3.23,3.31,3.52,,4.04,4.2700000000000005
Pacific Century Cyber Works,,,,,,,,,,,,,,,,,,,,,,,0.26,,,,,,,,,,,,,,
Pack In Soft,,,,,,,,,,,,,,,,,,,,0.48,,,,,,,,,,,,,,,,,
Pack-In-Video,,,,,,,,,,,,,,,,0.11,,,,,,,,,,,,,,,,,,,,,
Palcom,,,,,,,,,,4.17,,,,,,,,,,,,,,,,,,,,,,,,,,,
Panther Software,,,,,,,,,,,,,,,,0.17,,,,,,,,,,,,,,,,,,,,,
Paon,,,,,,,,,,,,,,,,,,,,,,,,,,,,0.14,0.21000000000000002,,0.23,0.25,,,,,
Paon Corporation,,,,,,,,,,,,,,,,,,,,,,,,,,,,,,,,,,0.03,,,
Paradox Development,,,,,,,,,,,,,,,,,,,,,,,,,,,,,,,,,,,,,0.01
Paradox Interactive,,,,,,,,,,,,,,,,,,,,,,,,,,,,0.03,0.07,0.22,0.37,0.61,0.63,,0.65,0.79,0.8500000000000001
Parker Bros.,,3.35,4.470000000000001,4.970000000000001,,,,,,,,,,,,,,,,,,,,,,,,,,,,,,,,,
Performance Designed Products,,,,,,,,,,,,,,,,,,,,,,,,,,,,,,0.36,,,,,,,
Phantagram,,,,,,,,,,,,,,,,,,,,,,,0.05,,,,,,,,,,,,,,
Phantom EFX,,,,,,,,,,,,,,,,,,,,,,,,,,,,,,0.09,,,,,,,
Phenomedia,,,,,,,,,,,,,,,,,,,,,,,,,,,,0.11,0.14,0.19,,,,,,,
Phoenix Games,,,,,,,,,,,,,,,,,,,,,,,,,,,,0.02,,,,,,,,,
Piacci,,,,,,,,,,,,,,,,,,,,,,,,,,,,,,,0.01,,,,,,
Pinnacle,,,,,,,,,,,,,,,,,,,,,,,,,,,,,1.04,1.42,,,,,,,
Pioneer LDC,,,,,,,,,,,,,,,,,0.62,,0.69,,,0.74,,,,,,,,,,,,,,,
Play It,,,,,,,,,,,,,,,,,,,,,,,1.1500000000000001,1.4600000000000002,3.88,4.31,,,,,,,,,,,
PlayV,,,,,,,,,,,,,,,,,,,,,,,,,,,,,,0.02,0.44,,,,,,
Playlogic Game Factory,,,,,,,,,,,,,,,,,,,,,,,,,,0.12,,,0.33999999999999997,1.2,,,,,,,
Playmates,,,,,,,,,,,,,,,,,,0.28,,,,,,,,,,,,,,,,,,,
Playmore,,,,,,,,,,,,,,,,,,,,,,,0.04,,,,,,,,,,,,,,
Plenty,,,,,,,,,,,,,,,,,,,,,,,,,,,,,,,,0.02,,,,,
Plum,,,,,,,,,,,,,,,,,,,,,,,,,,,,,,,,,,,,,0.02
Pony Canyon,,,,,,,,,,,,,,,,,,,,,0.05,,,,,,,,,,,,,,,,
PopCap Games,,,,,,,,,,,,,,,,,,,,,,,,,0.03,,0.04,0.08,0.5,1.04,2.12,2.35,,,,,
PopTop Software,,,,,,,,,,,,,,,,,,,,0.11,,,,,,,,,,,,,,,,,
Popcorn Arcade,,,,,,,,,,,,,,,,,,,,,,,,,,,,0.25,0.49,,,,,,,,
Pow,,,,,,,,,,,,,,,,0.05,,,,,,,,,,,,,,,,,,,,,
Press Play,,,,,,,,,,,,,,,,,,,,,,,,,,,,,,,,0.1,,,,,
Princess Soft,,,,,,,,,,,,,,,,,,,,,,,0.02,,,,0.05,,0.07,,,,,,,,
Prototype,,,,,,,,,,,,,,,,,,,,,,,,,,,,0.09,0.16999999999999998,0.3,0.41,0.44999999999999996,0.52,0.53,0.5800000000000001,0.6000000000000001,0.6100000000000001
Psygnosis,,,,,,,,,,,,,,,0.06,1.75,4.07,5.800000000000001,6.540000000000001,7.150000000000001,7.270000000000001,,,,,,,,,,,,,,,,
Quelle,,,0.87,,,,,,,,,,,,,,,,,,,,,,,,,,,,,,,,,,
Quest,,,,,,,,,,,,,,,,0.71,,,,,,,,,,,,,,,,,,,,,
Quinrose,,,,,,,,,,,,,,,,,,,,,,,,,,,,,,,,0.12,0.18,0.19999999999999998,0.21999999999999997,,
Quintet,,,,,,,,,,,,,,,,,,,0.02,,,,,,,,,,,,,,,,,,
RED Entertainment,,,,,,,,,,,,,,,,,,,,,,,,,,,,,,,0.02,,,,,,
RTL,,,,,,,,,,,,,,,,,,,,,,,,,,,,1.26,1.92,2.0,,,,,,,
Rage Software,,,,,,,,,,,,,,,,,,,,,,0.14,1.42,,,,,,,,,,,,,,
Rain Games,,,,,,,,,,,,,,,,,,,,,,,,,,,,,,,,,,,,0.01,
Ravenscourt,,,,,,,,,,,,,,,,,,,,,,,,,,,,,,,,,,,,0.01,
Rebellion,,,,,,,,,,,,,,,,,,,,,,0.48,0.49,,,,,,,,,,,,,,
Rebellion Developments,,,,,,,,,,,,,,,,,,,,,,,,,,,,,,,,,,,,0.30000000000000004,
Red Orb,,,,,,,,,,,,,,,2.81,,,5.24,,,,,,,,,,,,,,,,,,,
Red Storm Entertainment,,,,,,,,,,,,,,,,,,,,2.28,,2.32,,,,,,,,,,,,,,,
RedOctane,,,,,,,,,,,,,,,,,,,,,,,,,,2.4499999999999997,7.57,8.68,,,,,,,,,
Reef Entertainment,,,,,,,,,,,,,,,,,,,,,,,,,,,,,,0.12,0.24,,0.33999999999999997,,,,
Rejet,,,,,,,,,,,,,,,,,,,,,,,,,,,,,,,,,,,,,0.01
Revolution (Japan),,,,,,,,,,,,,,,,,,,,,,,,,,,,,,0.02,,,,,,,
Revolution Software,,,,,,,,,,,,,,,,,,,,,,,,,,,,,,,,,,,,0.06999999999999999,
Rising Star Games,,,,,,,,,,,,,,,,,,,,,,,,,,0.7999999999999999,2.26,7.14,11.559999999999999,14.37,15.36,16.72,16.81,17.29,,,17.31
Riverhillsoft,,,,,,,,,,,,,,,,0.04,,,,,,,,,,,,,,,,,,,,,
Rocket Company,,,,,,,,,,,,,,,,,,,,,,,,,,,0.6900000000000001,1.1300000000000001,1.1400000000000001,1.2000000000000002,1.35,1.4200000000000002,1.5500000000000003,1.6300000000000003,1.7000000000000004,1.7900000000000005,1.8200000000000005
Rondomedia,,,,,,,,,,,,,,,,,,,,,,,,,,,,,0.73,2.27,2.31,2.5700000000000003,,,,2.6,
Russel,,,,,,,,,,,,,,,,,,,,,,,,,,,,1.12,1.1300000000000001,1.1600000000000001,1.2100000000000002,,,,,,
SCS Software,,,,,,,,,,,,,,,,,,,,,,,,,,,,,,,,,0.13,,,,
SCi,,,,,,,,,,,,,,,,,,,,,,,0.87,2.39,3.25,3.52,,,,,,,,,,,
SNK,,,,,,,,,,,,,,0.21000000000000002,1.01,1.29,1.75,1.83,2.23,2.34,2.52,,,,,2.59,,,,,,,,,,,
SNK Playmore,,,,,,,,,,,,,,,,0.28,,,0.32,0.45,,,,,0.48,0.6599999999999999,0.6799999999999999,0.8799999999999999,0.9199999999999999,0.98,1.02,,,,,,
SPS,,,,,,,,,,,,,,,,,0.12,,,,,,,,,,,,,,,,,,,,
SSI,,,,,,,,,,,,,,,,,0.19,,,,,,,,,,,,,,,,,,,,
Sammy Corporation,,,,,,,,,,,,,,0.19,,,,,,,,0.53,1.49,1.65,2.65,,2.73,,,,,,,,,,
Saurus,,,,,,,,,,,,,,,,,,,0.02,,,,,,,,,,,,,,,,,,
Scholastic Inc.,,,,,,,,,,,,,,,,,,,,,,,,,,,,0.83,1.8900000000000001,,2.47,2.91,,,,,
Screenlife,,,,,,,,,,,,,,,,,,,,,,,,,,,,,,,,,,0.83,,0.8999999999999999,0.9199999999999999
Sears,,,,0.21,,,,,,,,,,,,,,,,,,,,,,,,,,,,,,,,,
Sega,,,0.4,,,,,,,,3.0,7.34,15.32,17.25,24.78,32.71,37.0,39.14,43.730000000000004,48.09,51.970000000000006,58.57000000000001,71.05000000000001,83.61000000000001,95.54000000000002,107.13000000000002,123.48000000000002,148.15000000000003,185.34000000000003,210.26000000000002,234.33,251.23000000000002,260.46000000000004,265.72,271.36,272.91,273.68
Seta Corporation,,,,,,,,,,,,,,,,0.33,0.63,,,,,,,,,,,,,,,,,,,,
Seven45 Studios,,,,,,,,,,,,,,,,,,,,,,,,,,,,,,,0.26,,,,,,
Seventh Chord,,,,,,,,,,,,,,,,,,,,,,,,,,,,,,,,,,0.08,,,
Shogakukan,,,,,,,,,,,,,,,,0.11,,,,,,,,,,,0.31,0.41000000000000003,,,,,,,,0.44000000000000006,
Sierra Entertainment,,,,,,,,,,,,,,,,,,,,,,,0.23,,,,,,,,,,,,,,
Simon & Schuster Interactive,,,,,,,,,,,,,,,,,,,,,,,0.11,,,,,,,,,,,,,,
Slightly Mad Studios,,,,,,,,,,,,,,,,,,,,,,,,,,,,,,,,,,,,1.3800000000000001,
Slitherine Software,,,,,,,,,,,,,,,,,,,,,,,,,,,,,,0.08,0.21000000000000002,,,,,,
Societa,,,,,,,,,,,,,,,,,0.04,,,,,,,,,,,,,,,,,,,,
Sold Out,,,,,,,,,,,,,,,,,,,,,,,,,,,,,,,,,,,,,0.02
Sonnet,,,,,,,,,,,,,,,,0.04,0.06,,,,,,,,,,,,,,,,,,,,
Sony Computer Entertainment,,,,,,,,,,,,,,,3.43,21.88,56.95,100.85,135.49,171.73000000000002,193.42000000000002,238.96,264.93,289.25,324.41,350.79,384.6,422.14000000000004,448.78000000000003,485.31000000000006,520.2,547.82,560.6700000000001,573.2800000000001,592.3000000000001,603.3100000000001,609.87
Sony Computer Entertainment America,,,,,,,,,,,,,,,,,,,,,,,,,,,,,,,,,,,1.1800000000000002,,
Sony Computer Entertainment Europe,,,,,,,,,,,,,,,,,,,,,,3.17,,,4.88,,,,,,,,5.13,15.649999999999999,22.25,23.89,
Sony Music Entertainment,,,,,,,,,,,,,,,,,,,,,,0.14,,,,,,,,,,,,,,,
Sony Online Entertainment,,,,,,,,,,,,,,,,,,,,,,,,0.62,1.9,2.55,2.71,,,,,3.5300000000000002,,,,,
SouthPeak Games,,,,,,,,,,,,,,,,,,,,0.11,,,,,1.31,1.88,2.02,3.06,3.8,5.77,6.35,6.51,,,,,
Spike,,,,,,,,,,,,,,,,,,,,,,0.13,0.25,,0.33,,1.47,3.3899999999999997,3.78,4.92,5.55,5.74,6.15,,,,
Spike Chunsoft,,,,,,,,,,,,,,,,,,,,,,,,,,,,,,,,,,,,0.02,
Sprite,,,,,,,,,,,,,,,,,,,,,,,,,,,,,,,,,,,,,0.03
Square,,,,,,,,,,,,1.77,,,1.8800000000000001,,,2.5100000000000002,,3.12,,3.64,,,,,,,,,,,,,,,
Square EA,,,,,,,,,,,,,,,,,,,,0.8,,,,,,,,,,,,,,,,,
Square Enix,,,,,,,,,,,,,,,,,,,,,,,0.32,2.7399999999999998,10.88,17.68,31.11,47.41,57.44,68.27,85.71,98.97999999999999,109.35,123.57,133.92,142.77999999999997,146.30999999999997
SquareSoft,,,,,,,,0.84,1.6,2.7,4.1,5.24,8.66,11.66,15.4,20.5,21.71,28.39,35.08,48.599999999999994,55.14999999999999,55.39999999999999,55.51999999999999,57.64999999999999,,,,,,,,,,,,,
Stainless Games,,,,,,,,,,,,,,,,,,,,,,,,,,,,,,,,,,,,,0.01
Starfish,,,,,,,,,,,,,,,,,,0.36,,0.47,,0.52,,,,,,0.62,,0.64,0.66,0.7000000000000001,0.7200000000000001,,,,
Starpath Corp.,,0.33,,,,,,,,,,,,,,,,,,,,,,,,,,,,,,,,,,,
Sting,,,,,,,,,,,,,,,,,,,,,,,,,0.1,,0.13,0.24,0.62,,0.65,,,,,,
Storm City Games,,,,,,,,,,,,,,,,,,,,,,,,,,,,,,0.36,1.5099999999999998,1.5999999999999999,,,,,
Strategy First,,,,,,,,,,,,,,,,,,,,,,0.03,,,,,,,,,,,,,,,
Success,,,,,,,,,,,,,,,,,,,1.15,1.17,1.18,1.27,1.3,,,1.37,1.4000000000000001,1.7200000000000002,1.87,1.8800000000000001,,,,1.9500000000000002,1.9600000000000002,,
Summitsoft,,,,,,,,,,,,,,,,,,,,,,,,,0.04,,,,,,,,,,,,
Sunflowers,,,,,,,,,,,,,,,,,,,,,,,,,0.03,,,,,,,,,,,,
Sunrise Interactive,,,,,,,,,,,,,,,,,,,,,0.13,,,,,,0.15,0.16999999999999998,,,,,,,,,
Sunsoft,,,,,,,,,,,,,,,0.12,0.15,0.22,0.33,0.47000000000000003,0.6100000000000001,0.8600000000000001,,,,,,,,,,,0.9500000000000001,,,,,
Sweets,,,,,,,,,,,,,,,,,,,,,,,,,,,0.02,,,0.05,,,,,,,
Swing! Entertainment,,,,,,,,,,,,,,,,,,,0.05,,0.22999999999999998,0.33999999999999997,0.48,,,,,,,,,,,,,,
Syscom,,,,,,,,,,,,,,,,,,,0.16,0.27,,,,,,,,,,,,,,,,,
System 3,,,,,,,,,,,,,,,,,,,,,,,,,,,,,,,,,,0.22,,,
System 3 Arcade Software,,,,,,,,,,,,,,,,,,,,,,,,,,,0.2,0.39,1.7200000000000002,1.7800000000000002,1.8000000000000003,,,,,,
System Soft,,,,,,,,,,,,,,,,,,,,,,,,,,,,,0.02,,0.04,0.05,,,,,
T&E Soft,,,,,,,,,,,,,,0.12,,,,,,,,,,,,,,,,,,,,,,,
TDK Core,,,,,,,,,,,,,,,,,,,,,0.18,,0.37,,,,0.59,0.62,,,,,,,,,
TDK Mediactive,,,,,,,,,,,,,,,,,,,,,,0.75,4.4399999999999995,7.22,8.55,,,,,,,,,,,,
TGL,,,,,,,,,,,,,,,,,,,,,,,,,,,,,,0.01,,,,,,0.09999999999999999,
THQ,,,,,,,,,,,,,,,,0.63,,2.53,15.7,19.71,35.57,57.82,84.7,114.08,142.8,168.03,193.5,226.79,257.24,288.07,310.52,337.31,344.01,344.37,,,
TOHO,,,,,,,,,,,,,,0.11,,,,,,,,,,,,,,,,,,,,,,,
TYO,,,,,,,,,,,,,,,,,,,0.42,,,,,,,,,,,,,,,,,,
Taito,,0.53,,,,,,,,,,,,,0.99,1.05,,2.14,,2.67,,2.73,2.96,2.9699999999999998,,,3.03,3.11,,,3.13,,,,,,
Takara,,,,,,,,,,,,,0.39,0.8400000000000001,1.8000000000000003,1.8500000000000003,2.14,2.72,3.04,3.09,,3.37,3.41,3.45,,,,,,,,,,,,,
Takara Tomy,,,,,,,,,,,,,,,,,,,,,,,,,,,0.34,0.8400000000000001,1.8900000000000001,2.19,2.41,2.43,,2.5900000000000003,,2.7,
Take-Two Interactive,,,,,,,,,,,,,,,,,,2.7199999999999998,8.17,9.85,15.879999999999999,36.31,56.6,67.17,91.28,117.57,138.16,157.97,204.15,223.26,259.34,277.37,298.95,351.36,381.62,396.65,399.53999999999996
Takuyo,,,,,,,,,,,,,,,,,,,,,,,,,,,,,,,,0.01,,,,,
TalonSoft,,,,,,,,,,,,,,,,,,,,,,0.87,,,,,,,,,,,,,,,
Team17,,,,,,,,,,,,,,,,,,,,,,,,,,,,,,,,0.04,,,,,
Team17 Software,,,,,,,,,,,,,,,,,,,,,,,,,,,,,,,0.05,,,,,,
TechnoSoft,,,,,,,,,,,,,,,,,,,0.05,,,,,,,,,,,,,,,,,,
Technos Japan Corporation,,,,,,,,,,,,,,,,0.02,,,,,,,,,,,,,,,,,,,,,
Tecmo Koei,,,,,,,,,,,,0.53,0.8200000000000001,1.97,2.5,3.04,3.69,5.42,5.8,6.43,8.3,9.010000000000002,11.310000000000002,15.490000000000002,17.990000000000002,21.270000000000003,24.900000000000002,30.480000000000004,34.56,36.6,39.02,42.230000000000004,44.660000000000004,47.330000000000005,50.370000000000005,52.63,53.550000000000004
Telegames,,,,,,,,,,,,,,,,,,,,0.02,,,,0.22,,0.24,,0.78,0.86,,1.03,,,,,,
Telltale Games,,,,,,,,,,,,,,,,,,,,,,,,,,,,,,,,0.35,,,2.28,2.67,2.88
Telstar,,,,,,,,,,,,,,,,0.06,,,0.27,,,,,,,,,,,,,,,,,,
Tetris Online,,,,,,,,,,,,,,,,,,,,,,,,,,,,,,,,0.43,,,,,
Teyon,,,,,,,,,,,,,,,,,,,,,,,,,,,,,,,,,,0.03,,,
The Adventure Company,,,,,,,,,,,,,,,,,,,,,,,,,,,,,0.25,0.51,,,,,,,
The Game Factory,,,,,,,,,,,,,,,,,,,,,,,,,,,,,,,0.07,,,,,,
The Learning Company,,,,,,,,,,,,,,,,,,,,,0.05,,,,,,,,,,0.1,,,,,,
Tigervision,,1.14,1.42,,,,,,,,,,,,,,,,,,,,,,,,,,,,,,,,,,
Time Warner Interactive,,,,,,,,,,,,,,,0.11,0.19,0.35,,,,,,,,,,,,,,,,,,,,
Titus,,,,,,,,,,,,,,0.07,,,,0.54,0.8500000000000001,1.83,1.9100000000000001,2.9000000000000004,3.3000000000000003,3.3200000000000003,,,,,,,,,,,,,
Tivola,,,,,,,,,,,,,,,,,,,,,,,,,,,,,0.05,0.17,,,,,,,
Tommo,,,,,,,,,,,,,,,,,,,,,,,,,,,,0.15,,0.16999999999999998,,0.21,,,,,
Tomy Corporation,,,,,,,,,,,,,,,,0.33,0.67,,0.9,,,,,2.24,2.68,3.3800000000000003,3.4000000000000004,4.42,4.81,4.84,4.97,,,,,,
TopWare Interactive,,,,,,,,,,,,,,,,,,,,,,,,,,,,,,,,1.3,1.33,,,1.34,
Touchstone,,,,,,,,,,,,,,,,,,,,,,,,,,,,0.14,1.58,,,,,,,,
Tradewest,,,,,,,,,,,,,,,,,,,,,,,,,,,,,,,0.11,,,,,,
Trendy Entertainment,,,,,,,,,,,,,,,,,,,,,,,,,,,,,,,,0.02,,,,,
Trion Worlds,,,,,,,,,,,,,,,,,,,,,,,,,,,,,,,,0.67,0.68,1.8199999999999998,,,
Tripwire Interactive,,,,,,,,,,,,,,,,,,,,,,,,,,,,,,,,0.14,,,,,
Tru Blu Entertainment,,,,,,,,,,,,,,,,,,,,,,,,,,,,,,,,,,,0.03,0.28,
Tryfirst,,,,,,,,,,,,,,,,,,,,,,,,,,,,,0.03,,,,,,,,
Type-Moon,,,,,,,,,,,,,,,,,,,,,,,,,,,,,,,,,,,0.1,,
U.S. Gold,,,,,,,,,,,,,,,,0.18,0.33,,,,,,,,,,,,,,,,,,,,
UEP Systems,,,,,,,,,,,,,,,,,,2.25,,,,,,,,,,,,,,,,,,,
UFO Interactive,,,,,,,,,,,,,,,,,,,,,,,,,,,,0.03,0.18,0.35,0.91,0.9500000000000001,0.9600000000000001,,,,
UFO Interactive Games,,,,,,,,,,,,,,,,,,,,,,,,,,,,0.02,,,,,,,,,
UIG Entertainment,,,,,,,,,,,,,,,,,,,,,,,,,,,,,,,,,,,,,0.01
Ubisoft,,,,,,,,,,,,,,,,3.03,3.19,3.44,3.7399999999999998,8.35,13.1,18.09,34.54,51.43,67.13,83.61999999999999,101.13999999999999,149.73999999999998,208.11999999999998,255.22999999999996,297.84999999999997,345.89,383.2,410.59,452.53999999999996,465.33,475.09
Ubisoft Annecy,,,,,,,,,,,,,,,,,,,,,,,,,,,,,,1.43,2.56,3.79,4.46,,,,
Ultravision,,,0.47,,,,,,,,,,,,,,,,,,,,,,,,,,,,,,,,,,
Universal Gamex,,,0.63,,,,,,,,,,,,,,,,,,,,,,,,,,,,,,,,,,
Universal Interactive,,,,,,,,,,,,,,,,,,,,,,5.92,14.84,17.77,,,,,,,,,,,,,
Valcon Games,,,,,,,,,,,,,,,,,,,,,,,,,,0.11,0.14,0.19,0.33,0.49,0.5,,,,,,
ValuSoft,,,,,,,,,,,,,,,,,,,,,,,,,,0.24,,,0.27,0.38,,0.39,,,,,
Valve,,,,,,,,,,,,,,,,,,,,,,,,,,,,,,,,1.74,,,,,
Valve Software,,,,,,,,,,,,,,,,,,,,,,,,,,,,,,0.37,,3.2300000000000004,,,,,
Vap,,,,,,,,,,,,,,,0.05,,,,,,,,,,,,,,,,,,,,,,
Vatical Entertainment,,,,,,,,,,,,,,,,,,,,,0.22,,,,,,,,,,,,,,,,
Vic Tokai,,,,,,,,,,,,,,,,,0.12,0.27,,,,,,,,,,,,,,,,,,,
Victor Interactive,,,,,,,,,,,,,,0.11,,0.2,,0.43000000000000005,0.5900000000000001,,0.77,0.87,0.89,,,,,,,,,,,,,,
Video System,,,,,,,,,,,,,0.28,,,,,0.47000000000000003,2.0700000000000003,,2.18,,,,,,,,,,,,,,,,
Views,,,,,,,,,,,,,,,,,,,,,,,,,,,,,,,,,0.02,,0.03,,
Vir2L Studios,,,,,,,,,,,,,,,,,,,,,,,,,,,,,0.1,0.26,,,,,,,
Virgin Interactive,,,,,,,,,,,,,0.78,,7.59,9.15,23.98,26.26,34.93,36.21,38.76,43.33,43.87,,,,,,,,,,,,,,
Virtual Play Games,,,,,,,,,,,,,,,,,,,,,,,,,,,,,,,0.06,,,,,,
Virtual Playground,,,,,,,,,,,,,,,,,,,,,,,,,,,,,,,,0.01,,,,,
Visco,,,,,,,,,,,,,,,,,,,,,,,,,,,,,,,,0.02,,,,,
Vivendi Games,,,,,,,,,,,,,,,,0.02,,4.1499999999999995,4.2299999999999995,4.63,4.7299999999999995,8.67,13.02,28.45,35.66,41.879999999999995,46.459999999999994,51.78999999999999,57.94999999999999,58.20999999999999,,,,,,,
Vridge,,,,,,,,,,,,,,,,,,,,,,,,,,,,,,,,0.02,,,,,
Wanadoo,,,,,,,,,,,,,,,,,,,,,,0.14,0.6000000000000001,0.6300000000000001,,0.6500000000000001,,,,,,,,,,,
Warashi,,,,,,,,,,,,,,,,,,,,,,,,,,,,0.02,,,,,,,,,
Wargaming.net,,,,,,,,,,,,,,,,,,,,,,,,,,,,,,,,0.32999999999999996,,,,,
Warner Bros. Interactive Entertainment,,,,,,,,,,,,,,,,,,,,,,,,0.67,,0.73,1.02,2.42,18.64,32.86,48.43,75.53,89.86,110.25,128.67000000000002,150.41000000000003,153.93000000000004
Warp,,,,,,,,,,,,,,,,,,0.07,,,,,,,,,,,,,,,,,,,
WayForward Technologies,,,,,,,,,,,,,,,,,,,,,,,,,,,,,,,,,,,,0.05,
Westwood Studios,,,,,,,,,,,,,,,,,,,,1.55,,,,,,,,,,,,,,,,,
White Park Bay Software,,,,,,,,,,,,,,,,,,,,,,,,,,,,0.16,,,,,,,,,
Wizard Video Games,,,0.62,,,,,,,,,,,,,,,,,,,,,,,,,,,,,,,,,,
XS Games,,,,,,,,,,,,,,,,,,,,,,,0.24,,0.3,0.43,,0.45,0.51,1.22,1.46,,,,,,
Xicat Interactive,,,,,,,,,,,,,,,,,,,,,,,0.14,0.17,,,,,,,,,,,,,
Xing Entertainment,,,,,,,,,,,,,,,,,,0.24,,,,,,,,,,,,,,,,,,,
Xplosiv,,,,,,,,,,,,,,,,,,,,,,,,,,0.2,0.6000000000000001,0.8200000000000001,1.6400000000000001,,,,,,,,
Xseed Games,,,,,,,,,,,,,,,,,,,,,,,,,,,,,,,,,0.55,0.74,0.85,0.9,
Yacht Club Games,,,,,,,,,,,,,,,,,,,,,,,,,,,,,,,,,,,,0.32,
Yamasa Entertainment,,,,,,,,,,,,,,,,,,,,,,,,,,,0.04,,,,,,,,,,
Yeti,,,,,,,,,,,,,,,,,,,,,,,,,,,0.01,0.02,0.07,0.1,0.21000000000000002,,0.22000000000000003,,,,0.24000000000000002
Yoostar Entertainment,,,,,,,,,,,,,,,,,,,,,,,,,,,,,0.07,,,0.4,,,,,
Yuke's,,,,,,,,,,,,,,,,,,,,,,,,,,0.03,0.06,0.08,,,,,,,,,
Yumedia,,,,,,,,,,,,,,,,0.06,,,,,,,,,,,,,,,,,,,,,
Zenrin,,,,,,,,,,,,,,,,,,,,,,,,,,,0.04,0.06,,,,,,,,,
Zoo Digital Publishing,,,,,,,,,,,,,,,,,,,,,,,0.37,2.63,5.55,8.74,9.11,10.28,11.729999999999999,12.87,,,,,,,
Zoo Games,,,,,,,,,,,,,,,,,,,,,,,,,,,,,0.9400000000000001,3.37,4.470000000000001,4.82,,,,,
Zushi Games,,,,,,,,,,,,,,,,,,,,,,,,,,,,0.05,0.61,1.8900000000000001,,,,,,,
bitComposer Games,,,,,,,,,,,,,,,,,,,,,,,,,,,,,,0.03,,0.41000000000000003,,,,,
dramatic create,,,,,,,,,,,,,,,,,,,,,,,,,,,,,,,,,,,,0.08,0.11
fonfun,,,,,,,,,,,,,,,,,,,,,,,,,,,,,0.02,,,,,,,,
iWin,,,,,,,,,,,,,,,,,,,,,,,,,,,,,,,,0.1,,,,,
id Software,,,,,,,,,,,,,0.03,,,,,,,,,,,,,,,,,,,,,,,,
imageepoch Inc.,,,,,,,,,,,,,,,,,,,,,,,,,,,,,,,,,,,0.04,,
inXile Entertainment,,,,,,,,,,,,,,,,,,,,,,,,,,,,,,,,,,,,0.1,
"mixi, Inc",,,,,,,,,,,,,,,,,,,,,,,,,,,,,,,,,,,,0.86,
responDESIGN,,,,,,,,,,,,,,,,,,,,,,,,,0.09,0.13,,,,,,,,,,,
